,title,job_type,compensation,city,education,work_experience,feedback_time,time,company,company_type,company_number,company_link
1,python后端工程师,企,8-11万,南京-玄武区,大专及以上,经验不限,投递后：1个工作日内反馈,2017年11月27日,公平价,互联网/移动互联网/电子商务,100-499人,https://www.liepin.com/job/1910278918.shtml
2,python工程师,企,10-19万,厦门-集美区,学历不限,3年工作经验,投递后：10个工作日内反馈,2017年11月27日,厦门集微科技有限公司,互联网/移动互联网/电子商务,100-499人,https://www.liepin.com/job/194876132.shtml
3,Python开发工程师,企,20-33万,广州,统招本科,经验不限,投递后：5个工作日内反馈,2017年11月27日,汇智通信,通信(设备/运营/增值),1000-2000人,https://www.liepin.com/job/198961704.shtml
4,Python 工程师,企,12-18万,北京-朝阳区,学历不限,1年工作经验,投递后：1个工作日内反馈,2017年11月24日,北京新鸿儒世纪网络技术有限公司,互联网/移动互联网/电子商务,1-49人,https://www.liepin.com/job/1910992643.shtml
5,Python学科负责人,企,12-18万,北京,大专及以上,2年工作经验,投递后：5个工作日内反馈,2017年11月24日,北京华清远见科技发展有限公司,教育/培训/学术/科研/院校,500-999人,https://www.liepin.com/job/1910686577.shtml
6,python教学经理,企,18-24万,北京,本科及以上,3年工作经验,投递后：5个工作日内反馈,2017年11月24日,北京华清远见科技发展有限公司,教育/培训/学术/科研/院校,500-999人,https://www.liepin.com/job/1910633761.shtml
7,人工只能/C++/python,企,13-26万,北京,硕士及以上,1年工作经验,投递后：5个工作日内反馈,2017年11月24日,爱信诺征信有限公司,计算机软件,50-99人,https://www.liepin.com/job/1910195778.shtml
8,Python后端开发工程师,企,20-39万,北京,统招本科,1年工作经验,投递后：1个工作日内反馈,2017年11月24日,更美互动,互联网/移动互联网/电子商务,100-499人,https://www.liepin.com/job/1911034119.shtml
9,Python自动化测试工程师,企,10-24万,深圳,统招本科,1年工作经验,投递后：2个工作日内反馈,2017年11月24日,中软国际科技,IT服务/系统集成,1000-2000人,https://www.liepin.com/job/1911032961.shtml
10,Python工程师,企,18-36万,深圳-南山区,学历不限,经验不限,投递后：5个工作日内反馈,2017年11月24日,OPPO移动通信,通信(设备/运营/增值),10000人以上,https://www.liepin.com/job/195192741.shtml
11,Python测试开发工程师,企,面议,深圳,本科及以上,3年工作经验,投递后：5个工作日内反馈,2017年11月24日,OPPO移动通信,通信(设备/运营/增值),10000人以上,https://www.liepin.com/job/198808855.shtml
12,手游客户端开发-Python-大话事业部200,企,面议,广州,学历不限,5年工作经验,未知,2017年11月24日,网易集团,互联网/移动互联网/电子商务,10000人以上,https://www.liepin.com/job/1910558995.shtml
13,Python程序员,企,12-18万,厦门-思明区,大专及以上,经验不限,投递后：5个工作日内反馈,2017年11月24日,厦门点触科技股份有限公司,网络游戏,100-499人,https://www.liepin.com/job/197539759.shtml
14,python工程师,企,12-24万,合肥,统招本科,2年工作经验,投递后：5个工作日内反馈,2017年11月23日,安徽七天教育科技有限公司,互联网/移动互联网/电子商务,100-499人,https://www.liepin.com/job/199212793.shtml
15,Python工程师--爬虫方向,企,面议,上海,学历不限,2年工作经验,投递后：5个工作日内反馈,2017年11月23日,众安在线财产保险,保险,100-499人,https://www.liepin.com/job/1911019205.shtml
16,Python 数据开发工程师,企,面议,北京,统招本科,经验不限,投递后：5个工作日内反馈,2017年11月23日,恒润科技,电子技术/半导体/集成电路,1000-2000人,https://www.liepin.com/job/198915393.shtml
17,Python工程师,企,23-45万,上海,大专及以上,2年工作经验,投递后：1个工作日内反馈,2017年11月23日,上海清源绿网,互联网/移动互联网/电子商务,50-99人,https://www.liepin.com/job/1910801657.shtml
18,高级python开发工程师,企,28-56万,上海,大专及以上,3年工作经验,投递后：1个工作日内反馈,2017年11月23日,上海清源绿网,互联网/移动互联网/电子商务,50-99人,https://www.liepin.com/job/1910710541.shtml
19,python(django)工程师,猎,17-26万,北京,统招本科,3年工作经验,未知,2017年12月11日,某互联网公司,未知,未知,/a/9996590.shtml
20,高级/资深 python开发工程师,猎,20-35万,杭州,本科及以上,5年工作经验,未知,2017年12月11日,国内知名互联网公司,互联网/移动互联网/电子商务,未知,/a/10296072.shtml
21,高级/资深 python开发工程师,猎,20-35万,杭州,本科及以上,3年工作经验,未知,2017年12月11日,国内知名互联网公司,互联网/移动互联网/电子商务,未知,/a/10296761.shtml
22,Python爬虫开发工程师,猎,20-40万,上海,本科及以上,3年工作经验,未知,2017年12月11日,某互联网金融公司,互联网/移动互联网/电子商务,未知,/a/10290705.shtml
23,Python开发技术总监,猎,30-60万,北京,统招本科,7年工作经验,未知,2017年12月11日,北京某科技创新企业,未知,未知,/a/10294455.shtml
24,Python开发技术总监,猎,40-70万,北京,统招本科,7年工作经验,未知,2017年12月11日,北京某知名企业,未知,未知,/a/10290265.shtml
25,Python开发工程师,猎,25-45万,"上海,深圳",本科及以上,4年工作经验,未知,2017年12月11日,某大型商业银行保险科技,未知,未知,/a/9956629.shtml
26,Python开发工程师,猎,15-45万,"深圳,上海,北京",学历不限,3年工作经验,未知,2017年12月11日,集团控股知名拟上市公司,互联网/移动互联网/电子商务,未知,/a/10292494.shtml
27,Java/python开发工程师,猎,25-35万,北京,统招本科,2年工作经验,未知,2017年12月11日,某教育科技公司,未知,未知,/a/9938106.shtml
28,python高级开发工程师,猎,20-40万,北京,大专及以上,3年工作经验,未知,2017年12月11日,国内某网络游戏公司,网络游戏,未知,/a/10287663.shtml
29,Senior Python Engineer,猎,30-60万,上海,本科及以上,3年工作经验,未知,2017年12月11日,Global trading Company,未知,未知,/a/9773929.shtml
30,Python高级开发工程师,猎,20-39万,上海,本科及以上,5年工作经验,未知,2017年12月11日,某某网络科技公司,互联网/移动互联网/电子商务,未知,/a/10290820.shtml
31,python开发工程师,猎,25-40万,北京,学历不限,2年工作经验,未知,2017年12月11日,游戏公司,网络游戏,未知,/a/10286886.shtml
32,python开发资深专家,猎,49-58万,北京,统招本科,3年工作经验,未知,2017年12月11日,某知名网络视频,互联网/移动互联网/电子商务,未知,/a/10284170.shtml
33,Python工程师,猎,20-30万,西安,本科及以上,2年工作经验,未知,2017年12月11日,人工智能创业公司,未知,未知,/a/10279393.shtml
34,python,猎,15-20万,北京,学历不限,2年工作经验,未知,2017年12月11日,国内外知名互联网数据公司,互联网/移动互联网/电子商务,未知,/a/9059622.shtml
35,后台研发高级工程师（Python/C++/Ruby）,猎,30-60万,北京,统招本科,3年工作经验,未知,2017年12月11日,国内某知名互联网公司,互联网/移动互联网/电子商务,未知,/a/10279027.shtml
36,python研发工程师,猎,25-50万,北京,统招本科,3年工作经验,未知,2017年12月11日,某知名互联网金融平台,未知,未知,/a/10273996.shtml
37,Python,猎,18-24万,上海,本科及以上,2年工作经验,未知,2017年12月11日,上海某知名信息科技有限公司,未知,未知,/a/10272930.shtml
38,Python高级开发工程师,猎,18-30万,深圳,统招本科,3年工作经验,未知,2017年12月11日,某国内知名创业型准上市公司,未知,未知,/a/9757444.shtml
39,Python高级开发工程师,猎,20-40万,深圳,本科及以上,3年工作经验,未知,2017年12月11日,深圳某知名无人机公司,未知,未知,/a/10255517.shtml
40,python研发工程师,猎,25-55万,北京,统招本科,3年工作经验,未知,2017年12月11日,国内知名互联网公司,互联网/移动互联网/电子商务,未知,/a/10007492.shtml
41,python高级开发工程师,猎,20-50万,深圳,本科及以上,3年工作经验,未知,2017年12月11日,深圳游戏公司,未知,未知,/a/9710258.shtml
42,python开发工程师,猎,20-40万,北京,统招本科,2年工作经验,未知,2017年12月11日,互联网金融公司,未知,未知,/a/10118850.shtml
43,Python工程师,猎,22-30万,杭州,统招本科,3年工作经验,未知,2017年12月11日,杭州某互联网企业,未知,未知,/a/10263768.shtml
44,Python运营开发(后台)工程师,猎,30-60万,深圳,统招本科,3年工作经验,未知,2017年12月11日,深圳某大型互联网公司,互联网/移动互联网/电子商务,未知,/a/10263733.shtml
45,Python 高级工程师,猎,15-25万,北京,大专及以上,1年工作经验,未知,2017年12月11日,北京知名公司,未知,未知,/a/10260468.shtml
46,Python 工程师,猎,15-30万,上海,统招本科,2年工作经验,未知,2017年12月11日,人力资源公司,专业服务(咨询/财会/法律/翻译等),未知,/a/9761770.shtml
47,Python工程师,猎,30-50万,成都,学历不限,2年工作经验,未知,2017年12月11日,某大型互联网企业,未知,未知,/a/9996582.shtml
48,python运维,猎,45-75万,杭州,大专及以上,3年工作经验,未知,2017年12月11日,某知名企业,未知,未知,/a/10256870.shtml
49,Python高级软件开发工程师,猎,13-35万,苏州,学历不限,3年工作经验,未知,2017年12月11日,某人工智能软件公司,未知,未知,/a/9940446.shtml
50,高级软件工程师-C/C++/Java/python,猎,30-50万,上海,学历不限,5年工作经验,未知,2017年12月11日,IT 软件公司,未知,未知,/a/10250224.shtml
51,Python研发工程师,猎,30-60万,"广州,深圳,菲律宾",本科及以上,2年工作经验,未知,2017年12月11日,东南亚区块链公司,互联网/移动互联网/电子商务,未知,/a/10248077.shtml
52,3D图像分析工程师(c++/python),猎,30-50万,上海,统招本科,3年工作经验,未知,2017年12月11日,某计算机视觉领域高科技企业,互联网/移动互联网/电子商务,未知,/a/10229046.shtml
53,服务端工程师——Python,猎,30-50万,北京,统招本科,3年工作经验,未知,2017年12月11日,知名互联网公司,互联网/移动互联网/电子商务,未知,/a/10245015.shtml
54,Python研发工程师,猎,30-55万,北京,统招本科,3年工作经验,未知,2017年12月11日,某知名互联网金融公司,互联网/移动互联网/电子商务,未知,/a/9105206.shtml
55,python后台开发工程师,猎,20-50万,"深圳,北京,广州",本科及以上,2年工作经验,未知,2017年12月11日,东南亚知名电商平台,互联网/移动互联网/电子商务,未知,/a/10217755.shtml
56,后端开发工程师（ Python/Java/Ruby）,猎,20-45万,武汉,统招本科,2年工作经验,未知,2017年12月11日,某知名独角兽互联网公司,未知,未知,/a/10224590.shtml
57,一线大厂iOS/安卓/Java/Python/PHP/DBA,猎,35-60万,北京,统招本科,2年工作经验,未知,2017年12月11日,某知名共享出行平台企业,互联网/移动互联网/电子商务,未知,/a/10222795.shtml
58,python 开发工程师,猎,30-60万,深圳,统招本科,5年工作经验,未知,2017年12月11日,大型数据库集团,未知,未知,/a/9986917.shtml
59,Python工程师,猎,20-50万,北京,统招本科,1年工作经验,未知,2017年12月11日,某人工智能技术公司,未知,未知,/a/9969583.shtml
60,高级Python工程师,猎,20-50万,北京,本科及以上,2年工作经验,未知,2017年12月11日,某大型软件定义存储公司,未知,未知,/a/9680427.shtml
61,python研发／架构,猎,30-50万,北京,学历不限,5年工作经验,未知,2017年12月11日,大型数据库集团,未知,未知,/a/9847319.shtml
62,高级Python开发工程师,猎,30-40万,"北京,上海,广州",统招本科,2年工作经验,未知,2017年12月11日,某外资TOP 500 IT公司,未知,未知,/a/10122644.shtml
63,后端开发工程师（Java/Python）,猎,20-50万,武汉,统招本科,2年工作经验,未知,2017年12月11日,国内知名互联网公司,互联网/移动互联网/电子商务,未知,/a/10204337.shtml
64,python高级开发工程师,猎,20-50万,深圳,统招本科,3年工作经验,未知,2017年12月11日,国内某游戏公司,网络游戏,未知,/a/10207120.shtml
65,Python后端开发工程师,猎,25-35万,北京,学历不限,3年工作经验,未知,2017年12月11日,北京某轻奢电商平台,互联网/移动互联网/电子商务,未知,/a/10200403.shtml
66,python开发工程师－上海,猎,10-30万,上海,本科及以上,3年工作经验,未知,2017年12月11日,国内知名互联网公司,未知,未知,/a/10196099.shtml
67,web/python全栈工程师,猎,40-70万,深圳,本科及以上,3年工作经验,未知,2017年12月11日,某知名海外游戏公司,网络游戏,未知,/a/10196965.shtml
68,python高级开发工程师,猎,40-70万,深圳,学历不限,3年工作经验,未知,2017年12月11日,某知名海外游戏公司,网络游戏,未知,/a/10197002.shtml
69,python(django)工程师,猎,18-25万,北京,本科及以上,2年工作经验,未知,2017年12月11日,某教育信息技术有限公司,互联网/移动互联网/电子商务,未知,/a/9970536.shtml
70,Python工程师,猎,24-48万,北京,统招本科,1年工作经验,未知,2017年12月11日,北京乐信圣文科技有限公司,未知,未知,/a/10189433.shtml
71,Python工程师,猎,22-32万,北京,本科及以上,2年工作经验,未知,2017年12月11日,北京某知名社交平台公司,未知,未知,/a/10184988.shtml
72,java、C#、Python工程师,猎,40-70万,北京,统招本科,5年工作经验,未知,2017年12月11日,某硅谷视频广告公司,未知,未知,/a/10180075.shtml
73,Python 研发工程师,猎,20-30万,上海,统招本科,2年工作经验,未知,2017年12月11日,上海人才服务有限公司,未知,未知,/a/7984985.shtml
74,python开发工程师（初级、中级、高级),猎,10-35万,北京,大专及以上,1年工作经验,未知,2017年12月11日,快速发展的互联网企业,互联网/移动互联网/电子商务,未知,/a/10039539.shtml
75,Python高级工程师（爬虫、业务后台）,猎,30-60万,北京,本科及以上,1年工作经验,未知,2017年12月11日,高潜创业公司+大咖,互联网/移动互联网/电子商务,未知,/a/10172385.shtml
76,python研发经理,猎,40-70万,北京,本科及以上,3年工作经验,未知,2017年12月11日,北京某互联网公司,互联网/移动互联网/电子商务,未知,/a/10164900.shtml
77,Python,猎,25-45万,北京,统招本科,4年工作经验,未知,2017年12月11日,某大型综合性公司,未知,未知,/a/10156683.shtml
78,数据挖掘专家/工程师（Python）或（SAS）,猎,40-70万,北京,本科及以上,3年工作经验,未知,2017年12月11日,二手车评估,未知,未知,/a/10089532.shtml
79,java/python工程师,猎,20-30万,北京,统招本科,2年工作经验,未知,2017年12月11日,某教育科技公司,未知,未知,/a/10158035.shtml
80,Python开发,猎,35-50万,北京,本科及以上,3年工作经验,未知,2017年12月11日,某知名互联网公司,互联网/移动互联网/电子商务,未知,/a/9941841.shtml
81,Python后端工程师,猎,24-50万,北京,学历不限,5年工作经验,未知,2017年12月11日,北京某知名天使轮企业,未知,未知,/a/10137339.shtml
82,python开发工程师,猎,30-30万,北京,统招本科,3年工作经验,未知,2017年12月11日,北京某信息科技有限公司,未知,未知,/a/10123379.shtml
83,资深运维开发（Python或shell）,猎,40-60万,"上海,北京",本科及以上,4年工作经验,未知,2017年12月11日,国内知名互联网电商,互联网/移动互联网/电子商务,未知,/a/10102229.shtml
84,Python工程师,猎,25-40万,"北京,广州,深圳",统招本科,3年工作经验,未知,2017年12月11日,国内上市IT公司,未知,未知,/a/10099349.shtml
85,python高级开发工程师,猎,30-60万,深圳,本科及以上,3年工作经验,未知,2017年12月11日,某游戏公司,未知,未知,/a/10092014.shtml
86,Analytics （SAS/R/Python）,猎,20-30万,上海,统招本科,经验不限,未知,2017年12月11日,全球著名的TOP管理咨询公司,未知,未知,/a/9424885.shtml
87,Python开发,猎,15-30万,上海,大专及以上,1年工作经验,未知,2017年12月11日,某私募基金公司,未知,未知,/a/10082900.shtml
88,Python 开发工程师,猎,13-26万,北京,学历不限,5年工作经验,未知,2017年12月11日,某大型风力发电机组研究开发有限公司,未知,未知,/a/10082705.shtml
89,高级后端开发工程师（python）,猎,20-50万,"北京,上海,广东省",统招本科,6年工作经验,未知,2017年12月11日,中国知名互联网企业,网络游戏,未知,/a/9055106.shtml
90,python 后端,猎,12-20万,成都,本科及以上,4年工作经验,未知,2017年12月11日,成都某科技有限责任公司,未知,未知,/a/10070105.shtml
91,高级PHP GO Python工程师,猎,45-75万,北京,统招本科,3年工作经验,未知,2017年12月11日,某明星创业公司,未知,未知,/a/10055750.shtml
92,数据抓取（Python开发）,猎,30-50万,北京,统招本科,3年工作经验,未知,2017年12月11日,某知名互联网公司,互联网/移动互联网/电子商务,未知,/a/10050524.shtml
93,python开发工程师,猎,30-40万,"上海,北京,杭州",学历不限,2年工作经验,未知,2017年12月11日,知名的音乐互联网公司,未知,未知,/a/9632530.shtml
94,python开发,猎,30-60万,北京,统招本科,3年工作经验,未知,2017年12月11日,北京共享领域互联网公司,互联网/移动互联网/电子商务,未知,/a/10034906.shtml
95,web/python全栈工程师,猎,15-40万,深圳,统招本科,3年工作经验,未知,2017年12月11日,国内某知名游戏公司,未知,未知,/a/10029848.shtml
96,python(django)工程师,猎,20-30万,北京,大专及以上,2年工作经验,未知,2017年12月11日,北京某信息技术有限公司,未知,未知,/a/10032735.shtml
97,python工程师（无人车方向）,猎,50-80万,"北京,加利福尼亚州",学历不限,1年工作经验,未知,2017年12月11日,某无人驾驶公司,未知,未知,/a/10032680.shtml
98,python开发工程师,猎,25-45万,北京,学历不限,3年工作经验,未知,2017年12月11日,某知名互联网公司,互联网/移动互联网/电子商务,未知,/a/10021755.shtml
99,大数据工程师（Java/Python/PHP/C++）,猎,30-60万,北京,统招本科,3年工作经验,未知,2017年12月11日,北京某知名互联网公司,互联网/移动互联网/电子商务,未知,/a/10024679.shtml
100,服务器端开发工程师（Go/C++/Python）,猎,40-70万,北京,统招本科,2年工作经验,未知,2017年12月11日,某移动端个性化推荐平台,互联网/移动互联网/电子商务,未知,/a/9611928.shtml
101,高级后端工程师（python/Go）,猎,35-65万,北京,本科及以上,2年工作经验,未知,2017年12月11日,某移动端个性化推荐平台,互联网/移动互联网/电子商务,未知,/a/10021676.shtml
102,高级Python,猎,20-30万,成都,本科及以上,3年工作经验,未知,2017年12月11日,四川知名上市互联网物流公司,未知,未知,/a/10020879.shtml
103,高级软件工程师（Python方向）,猎,20-30万,上海,统招本科,2年工作经验,未知,2017年12月11日,某大型外资MRO工业品分销商,互联网/移动互联网/电子商务,未知,/a/9345405.shtml
104,后端工程师（java/python/ruby/PHP）,猎,30-60万,上海,统招本科,3年工作经验,未知,2017年12月11日,国内某著名海购分享社区平台公司,未知,未知,/a/8395112.shtml
105,python爬虫工程师,猎,21-35万,上海,统招本科,2年工作经验,未知,2017年12月11日,上海某知名互联网金融公司,未知,未知,/a/9998109.shtml
106,python工程师,猎,30-60万,"北京,深圳,杭州",本科及以上,1年工作经验,未知,2017年12月11日,北京某自动驾驶公司,未知,未知,/a/9988585.shtml
107,python开发,猎,40-70万,北京,统招本科,3年工作经验,未知,2017年12月11日,D轮移动互联网独角兽公司,互联网/移动互联网/电子商务,未知,/a/9526800.shtml
108,python开发,猎,30-60万,北京,统招本科,2年工作经验,未知,2017年12月11日,知名共享单车公司,互联网/移动互联网/电子商务,未知,/a/9983601.shtml
109,python后台研发,猎,25-55万,北京,本科及以上,2年工作经验,未知,2017年12月11日,茄子快传,未知,未知,/a/9960258.shtml
110,python研发,猎,35-65万,"北京,深圳,成都",统招本科,3年工作经验,未知,2017年12月11日,茄子快传,未知,未知,/a/9954227.shtml
111,大数据开发（Java/Python/PHP/C++）,猎,30-60万,北京,统招本科,3年工作经验,未知,2017年12月11日,北京某知名互联网公司,互联网/移动互联网/电子商务,未知,/a/9942980.shtml
112,高级python开发工程师,猎,20-30万,上海,学历不限,2年工作经验,未知,2017年12月11日,国内某知名互联网公司,互联网/移动互联网/电子商务,未知,/a/9520125.shtml
113,全栈工程师（Python/Reactjs）,猎,50-70万,北京,学历不限,2年工作经验,未知,2017年12月11日,领先人工智能独角兽公司,互联网/移动互联网/电子商务,未知,/a/9949011.shtml
114,服务端开发工程师-后台C++/Python/Go,猎,30-60万,北京,统招本科,2年工作经验,未知,2017年12月11日,国内准上市独角兽公司,互联网/移动互联网/电子商务,未知,/a/8621033.shtml
115,Software Engineer（C++ and Python）,猎,25-55万,上海,统招本科,2年工作经验,未知,2017年12月11日,全球领先硅谷独角兽VR公司,互联网/移动互联网/电子商务,未知,/a/8412850.shtml
116,图像处理工程师-C++/python/机器学习,猎,25-55万,北京,统招本科,2年工作经验,未知,2017年12月11日,国内准上市独角兽公司,互联网/移动互联网/电子商务,未知,/a/8620995.shtml
117,Python程序员,企,5-7万,西安,本科及以上,1年工作经验,投递后：5个工作日内反馈,2017年11月22日,西安图迹信息科技有限公司,计算机软件,100-499人,https://www.liepin.com/job/1910125130.shtml
118,python开发工程师,企,面议,北京,本科及以上,3年工作经验,投递后：2个工作日内反馈,2017年11月22日,北京金风科创风电设备有限公司,新能源,1000-2000人,https://www.liepin.com/job/1910467970.shtml
119,python开发工程师,企,面议,上海,本科及以上,3年工作经验,投递后：10个工作日内反馈,2017年11月22日,上海微众信息科技有限公司,互联网/移动互联网/电子商务,50-99人,https://www.liepin.com/job/197235217.shtml
120,高级后台工程师-Python（大数据&AI）,企,35-63万,深圳-南山区,本科及以上,3年工作经验,投递后：5个工作日内反馈,2017年11月22日,美图公司,互联网/移动互联网/电子商务,500-999人,https://www.liepin.com/job/1910936087.shtml
121,python工程师,企,10-14万,厦门,本科及以上,2年工作经验,投递后：2个工作日内反馈,2017年11月22日,睿视智觉(厦门)软件开发有限公司,互联网/移动互联网/电子商务,1-49人,https://www.liepin.com/job/1910514333.shtml
122,Python 开发工程师,企,21-35万,杭州,统招本科,2年工作经验,投递后：5个工作日内反馈,2017年11月22日,新华三集团,计算机硬件/网络设备,5000-10000人,https://www.liepin.com/job/1910442046.shtml
123,python工程师,企,24-42万,北京,本科及以上,3年工作经验,投递后：10个工作日内反馈,2017年11月21日,百迈客生物科技,制药/生物工程,100-499人,https://www.liepin.com/job/199797520.shtml
124,Python开发工程师(长沙),企,7-18万,长沙,本科及以上,1年工作经验,投递后：5个工作日内反馈,2017年11月21日,康通电子,电子技术/半导体/集成电路,100-499人,https://www.liepin.com/job/1910455408.shtml
125,python开发工程师,企,21-35万,深圳,统招本科,3年工作经验,投递后：2个工作日内反馈,2017年11月21日,和讯华谷,互联网/移动互联网/电子商务,100-499人,https://www.liepin.com/job/1910468080.shtml
126,大数据工程师（Python 爬虫）,企,面议,广州-萝岗区,本科及以上,3年工作经验,投递后：5个工作日内反馈,2017年11月21日,健客网,互联网/移动互联网/电子商务,1000-2000人,https://www.liepin.com/job/198932334.shtml
127,python（成都）,企,12-24万,成都-高新区,统招本科,2年工作经验,投递后：10个工作日内反馈,2017年12月11日,安恒信息技术,计算机软件,500-999人,https://www.liepin.com/job/199053579.shtml
128,python开发工程师（爬虫方向）,企,30-42万,上海,大专及以上,5年工作经验,投递后：2个工作日内反馈,2017年11月21日,宝尊电商,互联网/移动互联网/电子商务,2000-5000人,https://www.liepin.com/job/1910981708.shtml
129,Python工程师,企,10-20万,苏州-工业园,大专及以上,1年工作经验,投递后：1个工作日内反馈,2017年11月21日,苏州东湾信息科技有限公司,计算机软件,1-49人,https://www.liepin.com/job/1910983051.shtml
130,python讲师,企,30-36万,成都-武侯区,大专及以上,经验不限,投递后：5个工作日内反馈,2017年11月21日,北京千锋互联科技,教育/培训/学术/科研/院校,500-999人,https://www.liepin.com/job/1910981310.shtml
131,Python讲师,企,24-48万,大连,本科及以上,3年工作经验,投递后：5个工作日内反馈,2017年11月21日,北京千锋互联科技,教育/培训/学术/科研/院校,500-999人,https://www.liepin.com/job/1910981313.shtml
132,python讲师,企,30-36万,广州-天河区,大专及以上,经验不限,投递后：5个工作日内反馈,2017年11月21日,北京千锋互联科技,教育/培训/学术/科研/院校,500-999人,https://www.liepin.com/job/1910981311.shtml
133,Python讲师,企,24-48万,长沙,本科及以上,3年工作经验,投递后：5个工作日内反馈,2017年11月21日,北京千锋互联科技,教育/培训/学术/科研/院校,500-999人,https://www.liepin.com/job/1910981308.shtml
134,python讲师,企,30-36万,杭州,大专及以上,经验不限,投递后：5个工作日内反馈,2017年11月21日,北京千锋互联科技,教育/培训/学术/科研/院校,500-999人,https://www.liepin.com/job/1910981309.shtml
135,python技术总监,企,60-96万,北京,本科及以上,3年工作经验,投递后：5个工作日内反馈,2017年11月21日,北京千锋互联科技,教育/培训/学术/科研/院校,500-999人,https://www.liepin.com/job/1910968090.shtml
136,Python讲师,企,24-48万,北京,本科及以上,2年工作经验,投递后：10个工作日内反馈,2017年11月21日,北京千锋互联科技,教育/培训/学术/科研/院校,500-999人,https://www.liepin.com/job/1910968001.shtml
137,Python开发工程师,企,18-36万,北京-海淀区,统招本科,2年工作经验,投递后：10个工作日内反馈,2017年11月21日,北京全品文教科技股份有限公司,互联网/移动互联网/电子商务,500-999人,https://www.liepin.com/job/197689199.shtml
138,Python老师,企,24-36万,北京,大专及以上,3年工作经验,投递后：10个工作日内反馈,2017年11月20日,北京易联致远无线技术有限公司,互联网/移动互联网/电子商务,100-499人,https://www.liepin.com/job/1910962576.shtml
139,python助教老师（项目经理）,企,8-16万,深圳,大专及以上,1年工作经验,投递后：5个工作日内反馈,2017年11月20日,北京千锋互联科技,教育/培训/学术/科研/院校,500-999人,https://www.liepin.com/job/199811546.shtml
140,python工程师（中级）,企,面议,北京,统招本科,2年工作经验,投递后：1个工作日内反馈,2017年12月03日,新博卓畅技术(北京)有限公司,计算机软件,100-499人,https://www.liepin.com/job/199649331.shtml
141,Python开发工程师,企,12-24万,北京,大专及以上,2年工作经验,投递后：5个工作日内反馈,2017年11月17日,北京亿隆汇诚投资管理有限责任公司,互联网/移动互联网/电子商务,100-499人,https://www.liepin.com/job/1910409086.shtml
142,资深Python开发工程师,企,22-30万,上海-普陀区,本科及以上,3年工作经验,投递后：10个工作日内反馈,2017年11月17日,饿了么,互联网/移动互联网/电子商务,10000人以上,https://www.liepin.com/job/1910900233.shtml
143,资深Python工程师,企,面议,上海-普陀区,本科及以上,3年工作经验,投递后：10个工作日内反馈,2017年11月17日,饿了么,互联网/移动互联网/电子商务,10000人以上,https://www.liepin.com/job/1910900071.shtml
144,python开发,企,面议,西安-高新区,统招本科,1年工作经验,投递后：1个工作日内反馈,2017年12月02日,中软国际科技,IT服务/系统集成,1000-2000人,https://www.liepin.com/job/1910216244.shtml
145,Python 运维开发工程师,企,24-48万,北京,本科及以上,1年工作经验,投递后：1个工作日内反馈,2017年11月15日,新浪微博,互联网/移动互联网/电子商务,500-999人,https://www.liepin.com/job/1910906244.shtml
146,Python工程师,企,7-14万,广西,大专及以上,3年工作经验,投递后：1个工作日内反馈,2017年11月15日,广西贝加美母婴服务有限公司,医疗/保健/美容/卫生服务,100-499人,https://www.liepin.com/job/1910404789.shtml
147,高级python研发工程师,企,面议,北京-海淀区,本科及以上,1年工作经验,未知,2017年11月15日,今日头条,互联网/移动互联网/电子商务,1000-2000人,https://www.liepin.com/job/1910901647.shtml
148,Java/Python/C#网站后台开发,企,面议,广州-天河区,统招本科,经验不限,投递后：1个工作日内反馈,2017年11月15日,网易集团,互联网/移动互联网/电子商务,10000人以上,https://www.liepin.com/job/194923038.shtml
149,Python工程师,企,12-18万,苏州-工业园,本科及以上,2年工作经验,投递后：5个工作日内反馈,2017年11月15日,爱调研,专业服务(咨询/财会/法律/翻译等),100-499人,https://www.liepin.com/job/1910909454.shtml
150,移动平台后端主程（Go/Python）,企,20-39万,北京-东城区,本科及以上,3年工作经验,投递后：5个工作日内反馈,2017年11月14日,北京乐城堡科技有限公司,互联网/移动互联网/电子商务,1-49人,https://www.liepin.com/job/1910877806.shtml
151,python开发,企,10-20万,武汉-江夏区,大专及以上,2年工作经验,投递后：5个工作日内反馈,2017年11月14日,中软国际科技,IT服务/系统集成,1000-2000人,https://www.liepin.com/job/198178259.shtml
152,python开发工程师,企,面议,北京,统招本科,3年工作经验,投递后：10个工作日内反馈,2017年11月14日,爱奇艺,互联网/移动互联网/电子商务,2000-5000人,https://www.liepin.com/job/1910891137.shtml
153,python开发工程师,企,12-18万,武汉,大专及以上,3年工作经验,投递后：1个工作日内反馈,2017年11月14日,中软国际科技,IT服务/系统集成,1000-2000人,https://www.liepin.com/job/199294714.shtml
154,python,企,面议,上海,学历不限,经验不限,投递后：5个工作日内反馈,2017年11月14日,指玩网络,网络游戏,50-99人,https://www.liepin.com/job/198551510.shtml
155,python开发主管(北京）,企,12-18万,北京-顺义区,本科及以上,3年工作经验,投递后：5个工作日内反馈,2017年11月13日,狮桥物流,交通/物流/运输,100-499人,https://www.liepin.com/job/1910476728.shtml
156,Python 开发工程师,企,10-18万,上海-静安区,本科及以上,2年工作经验,投递后：10个工作日内反馈,2017年11月13日,patsnap,互联网/移动互联网/电子商务,500-999人,https://www.liepin.com/job/199719369.shtml
157,python开发工程师,企,面议,广州-越秀区,本科及以上,2年工作经验,投递后：1个工作日内反馈,2017年11月13日,中软国际科技,IT服务/系统集成,1000-2000人,https://www.liepin.com/job/1910873804.shtml
158,python开发工程师,企,18-30万,武汉-洪山区,本科及以上,1年工作经验,投递后：5个工作日内反馈,2017年11月13日,小红书,互联网/移动互联网/电子商务,100-499人,https://www.liepin.com/job/1910722267.shtml
159,python开发工程师,企,19-29万,深圳-南山区,统招本科,2年工作经验,投递后：5个工作日内反馈,2017年11月13日,北京千丁互联科技有限公司,互联网/移动互联网/电子商务,500-999人,https://www.liepin.com/job/1910621316.shtml
160,Python算法工程师,企,18-36万,北京-海淀区,统招本科,1年工作经验,投递后：5个工作日内反馈,2017年12月01日,北京行数通科技有限公司,互联网/移动互联网/电子商务,1-49人,https://www.liepin.com/job/1910918129.shtml
161,Python开发工程师,企,12-18万,北京,本科及以上,3年工作经验,投递后：5个工作日内反馈,2017年12月01日,洋浦科技,互联网/移动互联网/电子商务,100-499人,https://www.liepin.com/job/198936257.shtml
162,Python资深开发,企,面议,北京,本科及以上,4年工作经验,投递后：5个工作日内反馈,2017年11月09日,有缘网,互联网/移动互联网/电子商务,100-499人,https://www.liepin.com/job/1910824069.shtml
163,python开发工程师,企,面议,北京,统招本科,2年工作经验,投递后：10个工作日内反馈,2017年11月06日,华胜信泰信息产业发展有限公司,计算机软件,100-499人,https://www.liepin.com/job/1910737148.shtml
164,python教学经理/python高级讲师,企,18-24万,北京,大专及以上,3年工作经验,投递后：10个工作日内反馈,2017年10月30日,北京华清远见科技发展有限公司,教育/培训/学术/科研/院校,500-999人,https://www.liepin.com/job/1910622629.shtml
165,Python后台开发师,企,35-50万,北京,本科及以上,3年工作经验,投递后：5个工作日内反馈,2017年10月20日,招才猫科技（北京）,教育/培训/学术/科研/院校,未知,https://www.liepin.com/job/1910554193.shtml
166,Python开发工程师-大数据方向,企,12-24万,北京,本科及以上,2年工作经验,投递后：5个工作日内反馈,2017年10月24日,北京高思博乐教育科技股份有限公司,教育/培训/学术/科研/院校,1000-2000人,https://www.liepin.com/job/1910460533.shtml
167,Python后端工程师,企,14-29万,北京,大专及以上,3年工作经验,投递后：2个工作日内反馈,2017年10月09日,复华投资有限公司,基金/证券/期货/投资,50-99人,https://www.liepin.com/job/1910415834.shtml
168,高级测试工程师（会Python或Java）,企,25-50万,北京,统招本科,5年工作经验,投递后：2个工作日内反馈,2017年09月30日,好未来教育,教育/培训/学术/科研/院校,5000-10000人,https://www.liepin.com/job/1910338314.shtml
169,Python服务端开发工程师,企,20-39万,北京,统招本科,3年工作经验,投递后：10个工作日内反馈,2017年09月25日,必连科技,互联网/移动互联网/电子商务,50-99人,https://www.liepin.com/job/1910265557.shtml
170,Python高级工程师,企,30-54万,北京,统招本科,5年工作经验,投递后：5个工作日内反馈,2017年10月26日,海天地数码科技,IT服务/系统集成,50-99人,https://www.liepin.com/job/1910264983.shtml
171,python开发,企,12-24万,北京,统招本科,2年工作经验,投递后：10个工作日内反馈,2017年09月24日,文思海辉,计算机软件,10000人以上,https://www.liepin.com/job/1910255574.shtml
172,Python开发岗,企,面议,深圳,大专及以上,3年工作经验,投递后：2个工作日内反馈,2017年11月01日,CMGE中手游,网络游戏,1000-2000人,https://www.liepin.com/job/1910115720.shtml
173,高级Python开发,企,24-42万,北京,统招本科,3年工作经验,投递后：5个工作日内反馈,2017年09月18日,有利网,互联网/移动互联网/电子商务,1000-2000人,https://www.liepin.com/job/1910098956.shtml
174,YF-测试开发工程师(Python Web开发)-01,企,11-18万,未知,统招本科,1年工作经验,投递后：10个工作日内反馈,2017年11月07日,海康威视,电子技术/半导体/集成电路,10000人以上,https://www.liepin.com/job/198638781.shtml
175,Python开发工程师,企,面议,北京-海淀区,统招本科,2年工作经验,投递后：1个工作日内反馈,2017年10月25日,泛测环境,环保,1-49人,https://www.liepin.com/job/197497262.shtml
176,实习python开发,企,4-7万,北京,本科及以上,经验不限,投递后：5个工作日内反馈,2017年11月09日,水木控股集团,基金/证券/期货/投资,100-499人,https://www.liepin.com/job/199646237.shtml
177,【Python开发】攻城狮,企,11-18万,北京,统招本科,2年工作经验,投递后：1个工作日内反馈,2017年10月27日,北京罗威亚科技有限公司,互联网/移动互联网/电子商务,1-49人,https://www.liepin.com/job/1910511482.shtml
178,Python高级工程师,企,12-18万,北京,统招本科,2年工作经验,投递后：5个工作日内反馈,2017年10月31日,迅达云成,互联网/移动互联网/电子商务,50-99人,https://www.liepin.com/job/199382380.shtml
179,python开发工程师,企,面议,北京,统招本科,2年工作经验,投递后：5个工作日内反馈,2017年10月10日,容联易通信息北京,互联网/移动互联网/电子商务,100-499人,https://www.liepin.com/job/1910424878.shtml
180,Python开发工程师,企,18-36万,北京,学历不限,经验不限,投递后：5个工作日内反馈,2017年09月27日,北京爱特曼智能技术有限公司,计算机软件,1-49人,https://www.liepin.com/job/1910266541.shtml
181,python工程师,企,14-18万,广州,大专及以上,2年工作经验,投递后：5个工作日内反馈,2017年11月03日,多迪互联网集团,互联网/移动互联网/电子商务,500-999人,https://www.liepin.com/job/1910081449.shtml
182,Python 开发工程师,企,12-18万,上海,统招本科,1年工作经验,投递后：5个工作日内反馈,2017年10月30日,上海恒驰信息系统有限公司,IT服务/系统集成,100-499人,https://www.liepin.com/job/199419553.shtml
183,Python,企,18-30万,北京,本科及以上,3年工作经验,投递后：5个工作日内反馈,2017年11月08日,MeChat美洽,互联网/移动互联网/电子商务,100-499人,https://www.liepin.com/job/197285084.shtml
184,python开发工程师（中级）,企,11-22万,上海,大专及以上,2年工作经验,投递后：5个工作日内反馈,2017年11月03日,天玑科技,计算机软件,1000-2000人,https://www.liepin.com/job/1910753986.shtml
185,Python开发,企,12-18万,广州,大专及以上,1年工作经验,投递后：2个工作日内反馈,2017年11月08日,多迪互联网集团,互联网/移动互联网/电子商务,500-999人,https://www.liepin.com/job/1910552719.shtml
186,服务器开发工程师（Python）-00008,企,18-48万,北京-海淀区,本科及以上,经验不限,投递后：5个工作日内反馈,2017年11月10日,春雨医生,互联网/移动互联网/电子商务,100-499人,https://www.liepin.com/job/194122589.shtml
187,python开发工程师,企,面议,北京,统招本科,4年工作经验,投递后：10个工作日内反馈,2017年11月09日,华为,通信(设备/运营/增值),10000人以上,https://www.liepin.com/job/194951040.shtml
188,Python 数据科学家,企,18-42万,杭州,本科及以上,经验不限,投递后：5个工作日内反馈,2017年11月06日,杭州七炅信息科技有限公司,互联网/移动互联网/电子商务,1-49人,https://www.liepin.com/job/198717981.shtml
189,python工程师,企,20-30万,深圳,本科及以上,3年工作经验,投递后：1个工作日内反馈,2017年11月08日,深圳众禄金融控股股份有限公司,基金/证券/期货/投资,100-499人,https://www.liepin.com/job/1910813952.shtml
190,python运营开发高级工程师（深圳）,企,面议,深圳,本科及以上,3年工作经验,投递后：2个工作日内反馈,2017年11月06日,腾讯,互联网/移动互联网/电子商务,10000人以上,https://www.liepin.com/job/1910785370.shtml
191,高级Python工程师,企,18-30万,上海,本科及以上,2年工作经验,投递后：5个工作日内反馈,2017年11月03日,寻仟信息,互联网/移动互联网/电子商务,50-99人,https://www.liepin.com/job/1910756679.shtml
192,Python交易开发工程师,企,24-35万,深圳,本科及以上,4年工作经验,投递后：10个工作日内反馈,2017年10月31日,盖威科技,计算机软件,100-499人,https://www.liepin.com/job/1910706342.shtml
193,后端开发工程师（Python）,企,24-36万,上海,统招本科,2年工作经验,投递后：5个工作日内反馈,2017年11月07日,触宝科技,互联网/移动互联网/电子商务,100-499人,https://www.liepin.com/job/1910625116.shtml
194,python工程师,企,面议,上海,本科及以上,经验不限,投递后：2个工作日内反馈,2017年10月23日,上海基分文化传播,互联网/移动互联网/电子商务,100-499人,https://www.liepin.com/job/1910589529.shtml
195,运维开发工程师【python / PHP】,企,11-22万,西安,学历不限,2年工作经验,投递后：2个工作日内反馈,2017年11月03日,Yeahmobi,互联网/移动互联网/电子商务,100-499人,https://www.liepin.com/job/1910455326.shtml
196,安全研究院--python开发工程师,企,18-30万,北京,本科及以上,3年工作经验,未知,2017年11月06日,360,互联网/移动互联网/电子商务,2000-5000人,https://www.liepin.com/job/1910454572.shtml
197,资深Python开发工程师,企,35-45万,北京,统招本科,3年工作经验,投递后：5个工作日内反馈,2017年10月11日,FreeWheel 飞维美地信息技术(北京)有限公司,互联网/移动互联网/电子商务,500-999人,https://www.liepin.com/job/1910442826.shtml
198,Python开发工程师,企,13-21万,成都,本科及以上,3年工作经验,投递后：5个工作日内反馈,2017年10月12日,成都信必优信息技术有限公司,计算机软件,100-499人,https://www.liepin.com/job/1910439666.shtml
199,Python开发工程师,企,12-18万,武汉-洪山区,本科及以上,3年工作经验,投递后：5个工作日内反馈,2017年10月05日,蓝泰源,IT服务/系统集成,100-499人,https://www.liepin.com/job/1910380384.shtml
200,高级自动化测试（Python/Java，国外项目）,企,16-21万,成都,本科及以上,5年工作经验,投递后：5个工作日内反馈,2017年09月29日,成都信必优信息技术有限公司,计算机软件,100-499人,https://www.liepin.com/job/1910327463.shtml
201,python高级讲师,企,18-24万,北京,大专及以上,2年工作经验,投递后：5个工作日内反馈,2017年10月24日,北京华清远见科技发展有限公司,教育/培训/学术/科研/院校,500-999人,https://www.liepin.com/job/1910300796.shtml
202,Python高级开发工程师,企,24-36万,上海,本科及以上,3年工作经验,投递后：10个工作日内反馈,2017年10月31日,小水滴,互联网/移动互联网/电子商务,100-499人,https://www.liepin.com/job/1910300753.shtml
203,Python后端,企,12-18万,苏州-工业园,本科及以上,2年工作经验,投递后：5个工作日内反馈,2017年11月08日,爱调研,专业服务(咨询/财会/法律/翻译等),100-499人,https://www.liepin.com/job/1910272856.shtml
204,Python/Go开发工程师-北京-00395,企,12-30万,北京-海淀区,本科及以上,3年工作经验,投递后：5个工作日内反馈,2017年09月24日,北京比特大陆科技有限公司,电子技术/半导体/集成电路,100-499人,https://www.liepin.com/job/1910260148.shtml
205,python开发,企,12-24万,西安-高新区,统招本科,2年工作经验,投递后：10个工作日内反馈,2017年09月24日,文思海辉,计算机软件,10000人以上,https://www.liepin.com/job/1910255575.shtml
206,资深Python服务端研发工程师,企,面议,杭州,本科及以上,2年工作经验,投递后：10个工作日内反馈,2017年09月19日,新华智云科技有限公司,互联网/移动互联网/电子商务,100-499人,https://www.liepin.com/job/1910194596.shtml
